target_class,target_class_name,n_source_images,mean_original_target_margin,mean_targeted_target_margin,mean_control_target_margin,median_original_target_margin,median_targeted_target_margin,median_control_target_margin,mean_targeted_margin_increase,mean_control_margin_increase,mean_targeted_minus_control_margin,original_target_top1_count,targeted_target_top1_count,control_target_top1_count,targeted_crossed_zero_count,control_crossed_zero_count,targeted_crossed_zero_fraction,control_crossed_zero_fraction,fraction_targeted_margin_greater_than_original,fraction_targeted_margin_greater_than_control
0,abyssinian,0,,,,,,,,,,,,,,,,,,
1,american_bulldog,64,-15.768933549523354,-14.332953579723835,-15.189207136631012,-15.353593349456787,-14.382378101348877,-14.806551456451416,1.4359799697995186,0.5797264128923416,0.856253556907177,0.0,0.0,0.0,0.0,0.0,0.0,0.0,0.921875,0.71875
2,american_pit_bull_terrier,0,,,,,,,,,,,,,,,,,,
3,basset_hound,0,,,,,,,,,,,,,,,,,,
4,beagle,0,,,,,,,,,,,,,,,,,,
5,bengal,0,,,,,,,,,,,,,,,,,,
6,birman,0,,,,,,,,,,,,,,,,,,
7,bombay,64,-14.676603876054287,-13.972640093415976,-14.445459324866533,-14.615074157714844,-14.10385513305664,-14.488540649414062,0.7039637826383114,0.23114455118775368,0.4728192314505577,0.0,1.0,0.0,1.0,0.0,0.015625,0.0,0.875,0.734375
8,boxer,64,-14.676047772169113,-13.717078043147922,-14.427844375371933,-14.884561538696289,-13.858134746551514,-14.36760425567627,0.9589697290211916,0.24820339679718018,0.7107663322240114,0.0,0.0,0.0,0.0,0.0,0.0,0.0,1.0,0.9375
9,british_shorthair,64,-14.232462175190449,-12.697043351829052,-14.265355356037617,-13.858980655670166,-12.286895751953125,-13.704170227050781,1.5354188233613968,-0.03289318084716797,1.5683120042085648,0.0,0.0,0.0,0.0,0.0,0.0,0.0,0.96875,0.953125
10,chihuahua,0,,,,,,,,,,,,,,,,,,
11,egyptian_mau,64,-14.802712950855494,-13.250879500061274,-14.763172626495361,-15.370352745056152,-14.257382869720459,-15.214408874511719,1.55183345079422,0.03954032436013222,1.5122931264340878,0.0,1.0,0.0,1.0,0.0,0.015625,0.0,0.96875,0.9375
12,english_cocker_spaniel,0,,,,,,,,,,,,,,,,,,
13,english_setter,0,,,,,,,,,,,,,,,,,,
14,german_shorthaired,64,-14.587066911160946,-13.43787157163024,-14.651486538350582,-14.943822860717773,-13.89081859588623,-14.67881155014038,1.1491953395307064,-0.06441962718963623,1.2136149667203426,0.0,0.0,0.0,0.0,0.0,0.0,0.0,1.0,0.984375
15,great_pyrenees,64,-14.881318651139736,-13.422565840184689,-14.573947302997112,-15.405810356140137,-13.71870756149292,-14.965910911560059,1.4587528109550476,0.3073713481426239,1.1513814628124237,0.0,0.0,0.0,0.0,0.0,0.0,0.0,1.0,0.953125
16,havanese,64,-14.442504040896893,-13.750048475340009,-14.535784646868706,-14.460745811462402,-13.759417057037354,-14.596817016601562,0.6924555655568838,-0.0932806059718132,0.785736171528697,0.0,0.0,0.0,0.0,0.0,0.0,0.0,0.953125,0.953125
17,japanese_chin,64,-14.602458655834198,-14.374082259833813,-14.414931505918503,-14.174688339233398,-13.98854398727417,-13.820065975189209,0.22837639600038528,0.1875271499156952,0.040849246084690094,0.0,0.0,0.0,0.0,0.0,0.0,0.0,0.828125,0.46875
18,keeshond,64,-14.142730176448822,-12.491426162421703,-13.492134355008602,-13.515412330627441,-12.429594993591309,-12.604310512542725,1.6513040140271187,0.6505958214402199,1.0007081925868988,0.0,0.0,0.0,0.0,0.0,0.0,0.0,0.953125,0.6875
19,leonberger,64,-14.58476547896862,-13.436863783746958,-14.054036423563957,-15.33324146270752,-13.957530498504639,-14.72999620437622,1.1479016952216625,0.5307290554046631,0.6171726398169994,0.0,0.0,0.0,0.0,0.0,0.0,0.0,0.875,0.6875
20,maine_coon,64,-15.14737804979086,-14.815769523382187,-15.056084766983986,-14.761612892150879,-14.763040542602539,-14.681586265563965,0.33160852640867233,0.09129328280687332,0.240315243601799,0.0,0.0,0.0,0.0,0.0,0.0,0.0,0.8125,0.78125
21,miniature_pinscher,0,,,,,,,,,,,,,,,,,,
22,newfoundland,64,-15.662521950900555,-13.731147643178701,-15.739611856639385,-15.800152778625488,-13.653743267059326,-15.780659675598145,1.9313743077218533,-0.07708990573883057,2.008464213460684,0.0,0.0,0.0,0.0,0.0,0.0,0.0,0.96875,0.90625
23,persian,64,-15.589996606111526,-13.303495779633522,-15.139833822846413,-15.27791976928711,-13.81308889389038,-15.172118663787842,2.2865008264780045,0.45016278326511383,1.8363380432128906,0.0,0.0,0.0,0.0,0.0,0.0,0.0,1.0,0.984375
24,pomeranian,64,-14.498680341988802,-13.479836169630289,-15.121196903288364,-14.368242263793945,-13.111579895019531,-15.213058471679688,1.0188441723585129,-0.6225165612995625,1.6413607336580753,0.0,0.0,0.0,0.0,0.0,0.0,0.0,0.828125,0.890625
25,pug,64,-14.901348941028118,-14.051825113594532,-14.886475346982479,-14.905679702758789,-13.440436363220215,-14.298789024353027,0.8495238274335861,0.014873594045639038,0.8346502333879471,0.0,0.0,0.0,0.0,0.0,0.0,0.0,0.828125,0.8125
26,ragdoll,64,-15.591252848505974,-15.150960959494114,-15.534015655517578,-15.931777000427246,-15.5609769821167,-15.882988929748535,0.4402918890118599,0.05723719298839569,0.3830546960234642,0.0,0.0,0.0,0.0,0.0,0.0,0.0,0.953125,0.78125
27,russian_blue,64,-14.459588289260864,-14.173862911760807,-14.51438745111227,-13.456129550933838,-13.27271318435669,-13.581103324890137,0.2857253775000572,-0.0547991618514061,0.3405245393514633,0.0,0.0,0.0,0.0,0.0,0.0,0.0,0.8125,0.6875
28,saint_bernard,0,,,,,,,,,,,,,,,,,,
29,samoyed,64,-15.322057332843542,-14.648287180811167,-14.568123310804367,-15.09408187866211,-14.99579381942749,-14.373423099517822,0.6737701520323753,0.753934022039175,-0.0801638700067997,0.0,0.0,0.0,0.0,0.0,0.0,0.0,0.71875,0.515625
30,scottish_terrier,0,,,,,,,,,,,,,,,,,,
31,shiba_inu,64,-14.320168424397707,-13.608568396419287,-14.006745554506779,-13.700814723968506,-13.180283546447754,-13.641671180725098,0.7116000279784203,0.31342286989092827,0.398177158087492,0.0,1.0,0.0,1.0,0.0,0.015625,0.0,0.8125,0.671875
32,siamese,0,,,,,,,,,,,,,,,,,,
33,sphynx,64,-15.286526873707771,-13.229596812278032,-14.86848134920001,-15.803643226623535,-13.72480058670044,-15.290058135986328,2.056930061429739,0.418045524507761,1.638884536921978,0.0,0.0,0.0,0.0,0.0,0.0,0.0,0.984375,0.96875
34,staffordshire_bull_terrier,64,-13.578031197190285,-13.112322375178337,-13.698672443628311,-13.389079093933105,-13.130708694458008,-13.65363883972168,0.46570882201194763,-0.12064124643802643,0.5863500684499741,0.0,0.0,0.0,0.0,0.0,0.0,0.0,0.796875,0.796875
35,wheaten_terrier,64,-15.397147566080093,-12.752831723541021,-14.750527523458004,-16.012744426727295,-12.856440544128418,-15.306323051452637,2.644315842539072,0.6466200426220894,1.9976957999169827,0.0,0.0,0.0,0.0,0.0,0.0,0.0,1.0,1.0
36,yorkshire_terrier,64,-14.415497951209545,-11.087551981210709,-14.067179933190346,-14.462552547454834,-10.98698377609253,-13.991162776947021,3.3279459699988365,0.34831801801919937,2.979627951979637,0.0,0.0,0.0,0.0,0.0,0.0,0.0,1.0,1.0
