target_class,target_class_name,n_selected_features,n_source_images,mean_target_confidence_difference,mean_target_logit_difference,median_target_logit_difference,mean_target_margin_difference,median_target_margin_difference,ci_95_low,ci_95_high,positive_images,negative_images,fraction_positive,wilcoxon_p,sign_test_p,targeted_flip_count,control_flip_count,targeted_flip_fraction,control_flip_fraction,wilcoxon_fdr
0,abyssinian,0,0,,,,,,,,0,0,,,,0,0,,,
1,american_bulldog,7,64,0.00018184531851480763,1.0519068953581154,0.9715332984924316,0.856253556907177,0.8585104942321777,0.5304662743583322,1.185571890324354,46,18,0.71875,8.537380866293613e-06,0.0003086891320335649,0,0,0.0,0.0,1.205277298770863e-05
2,american_pit_bull_terrier,0,0,,,,,,,,0,0,,,,0,0,,,
3,basset_hound,0,0,,,,,,,,0,0,,,,0,0,,,
4,beagle,0,0,,,,,,,,0,0,,,,0,0,,,
5,bengal,0,0,,,,,,,,0,0,,,,0,0,,,
6,birman,0,0,,,,,,,,0,0,,,,0,0,,,
7,bombay,1,64,0.005411645644427028,0.473692846018821,0.452955961227417,0.4728192314505577,0.596684455871582,0.2306957308202982,0.7079722700640559,47,17,0.734375,0.0002289455188578966,0.0001134411914416403,1,0,0.015625,0.0,0.0002497587478449781
8,boxer,2,64,0.0028371425466181674,0.5105878515169024,0.48309946060180664,0.7107663322240114,0.6090891361236572,0.6010720943566412,0.8267253261990845,60,4,0.9375,4.727395555066514e-12,3.681522317902641e-14,0,0,0.0,0.0,1.2606388146844036e-11
9,british_shorthair,6,64,0.001846899807305678,1.4666511742398143,1.3714137077331543,1.5683120042085648,1.5192999839782715,1.3284173102118075,1.8089187814854086,61,3,0.953125,3.1048279788492743e-12,2.3714212017689196e-15,0,0,0.0,0.0,9.314483936547823e-12
10,chihuahua,0,0,,,,,,,,0,0,,,,0,0,,,
11,egyptian_mau,1,64,0.013081687910547379,1.2893385861534625,1.149047613143921,1.5122931264340878,1.3886499404907227,1.2661937887780368,1.7648157851770518,60,4,0.9375,2.962477865667243e-12,3.681522317902641e-14,1,0,0.015625,0.0,9.314483936547823e-12
12,english_cocker_spaniel,0,0,,,,,,,,0,0,,,,0,0,,,
13,english_setter,0,0,,,,,,,,0,0,,,,0,0,,,
14,german_shorthaired,2,64,0.003833922014557288,1.005101072601974,0.9804747104644775,1.2136149667203426,1.0677614212036133,1.0441588781774045,1.3878646727651356,63,1,0.984375,1.9380081828285503e-12,3.5236570605778894e-18,0,0,0.0,0.0,9.314483936547823e-12
15,great_pyrenees,16,64,0.0013036842059858179,1.0543553149327636,1.0416080951690674,1.1513814628124237,1.1804542541503906,0.9543276734650135,1.35279982984066,61,3,0.953125,1.7883601996005033e-11,2.3714212017689196e-15,0,0,0.0,0.0,3.901876799128371e-11
16,havanese,1,64,0.0059114125904174124,0.5793307484127581,0.5693020820617676,0.785736171528697,0.8454799652099609,0.67748604263179,0.8987221227958798,61,3,0.953125,2.341300183691897e-12,2.3714212017689196e-15,0,0,0.0,0.0,9.314483936547823e-12
17,japanese_chin,1,64,4.979045193785961e-05,0.10306917713023722,0.07200312614440918,0.040849246084690094,-0.03215312957763672,-0.08825090806931257,0.17477810382843018,30,34,0.46875,0.5133371565261237,0.7338456119860789,0,0,0.0,0.0,0.5356561633316074
18,keeshond,34,64,0.0001568989030812577,1.1955330716446042,1.0895576477050781,1.0007081925868988,1.0243778228759766,0.5712538208812475,1.4221785556524993,44,20,0.6875,4.833224733235803e-05,0.0018449821382700243,0,0,0.0,0.0,6.105125978824171e-05
19,leonberger,13,64,0.0007114238820415745,0.47344110487028956,0.46444493532180786,0.6171726398169994,0.6177997589111328,0.3431850666180253,0.8974941745400427,44,20,0.6875,9.019594185767086e-05,0.0018449821382700243,0,0,0.0,0.0,0.00010823513022920503
20,maine_coon,1,64,2.8176709023037686e-05,0.2625865638256073,0.26189112663269043,0.240315243601799,0.2372589111328125,0.16864237785339356,0.31526262089610096,50,14,0.78125,2.833200311510397e-07,3.5347437712728393e-06,0,0,0.0,0.0,4.533120498416635e-07
21,miniature_pinscher,0,0,,,,,,,,0,0,,,,0,0,,,
22,newfoundland,13,64,0.0008338789515050099,1.907715618610382,1.8898746967315674,2.008464213460684,1.9321074485778809,1.683325363136828,2.337295587547123,58,6,0.90625,9.027658951343032e-12,4.5145094802225005e-12,0,0,0.0,0.0,2.1666381483223278e-11
23,persian,11,64,0.0007969297708480937,1.6404954456957057,1.757141351699829,1.8363380432128906,1.7826595306396484,1.5492383029311896,2.133462167903781,63,1,0.984375,2.4543405355246654e-12,3.5236570605778894e-18,0,0,0.0,0.0,9.314483936547823e-12
24,pomeranian,3,64,0.0012126813706255452,1.0522653441876173,1.0132968425750732,1.6413607336580753,1.5612499713897705,1.3059540877118707,1.9798313790932298,57,7,0.890625,2.1037433318324864e-10,3.819070672770111e-11,0,0,0.0,0.0,4.207486663664972e-10
25,pug,2,64,4.0623231856501494e-05,0.6754333805292845,0.6489133834838867,0.8346502333879471,0.7891185283660889,0.6169773181900382,1.0567279651761055,52,12,0.8125,6.3124161231515355e-09,2.2833053502227052e-07,0,0,0.0,0.0,1.1653691304279759e-08
26,ragdoll,1,64,2.9226042678572598e-05,0.2883119466714561,0.2735941410064697,0.3830546960234642,0.40033435821533203,0.2738875973969698,0.49935935363173484,50,14,0.78125,4.397620183613866e-08,3.5347437712728393e-06,0,0,0.0,0.0,7.53877745762377e-08
27,russian_blue,1,64,-4.0509509084876523e-05,0.19037696230225265,0.14033377170562744,0.3405245393514633,0.4408302307128906,0.1825979370623827,0.48946907930076117,44,20,0.6875,4.833224733235803e-05,0.0018449821382700243,0,0,0.0,0.0,6.105125978824171e-05
28,saint_bernard,0,0,,,,,,,,0,0,,,,0,0,,,
29,samoyed,8,64,-0.0006554648518884054,0.2825099299661815,0.24122965335845947,-0.0801638700067997,0.04585552215576172,-0.42910912120714784,0.2726412517018616,33,31,0.515625,0.6233582312507335,0.4503266231260167,0,0,0.0,0.0,0.6233582312507335
30,scottish_terrier,0,0,,,,,,,,0,0,,,,0,0,,,
31,shiba_inu,4,64,0.01121791464381762,0.4580002758302726,0.4612762928009033,0.398177158087492,0.35562705993652344,0.20795148368924857,0.5920805046334863,43,21,0.671875,0.00019677067276521173,0.004073451114349284,1,0,0.015625,0.0,0.0002248807688745277
32,siamese,0,0,,,,,,,,0,0,,,,0,0,,,
33,sphynx,20,64,0.0017408052447770266,1.147885690210387,1.0987346172332764,1.638884536921978,1.5217535495758057,1.4418472258374095,1.841378215700388,62,2,0.96875,2.031933882294405e-12,1.1281123604711674e-16,0,0,0.0,0.0,9.314483936547823e-12
34,staffordshire_bull_terrier,1,64,-0.00022739941113666777,0.6147163021378219,0.6202795505523682,0.5863500684499741,0.6249475479125977,0.39021835960447787,0.7713143033906814,51,13,0.796875,3.9997740277883257e-07,9.404810782147007e-07,0,0,0.0,0.0,5.999661041682488e-07
35,wheaten_terrier,21,64,0.0008268395632662722,1.6330552676226944,1.6570083498954773,1.9976957999169827,2.0627903938293457,1.7832879382185638,2.213032512087375,64,0,1.0,1.7627490366353699e-12,5.421010862427522e-20,0,0,0.0,0.0,9.314483936547823e-12
36,yorkshire_terrier,20,64,0.0021859788546872583,2.524070376297459,2.3517098426818848,2.979627951979637,2.776479721069336,2.5810823630541564,3.394774996303022,64,0,1.0,1.7627490366353699e-12,5.421010862427522e-20,0,0,0.0,0.0,9.314483936547823e-12
