class_id,class_name,amplification_factor,n_selected_features,n_test_images,n_amplified,fraction_amplified,mean_confidence_difference,mean_logit_difference,median_logit_difference,mean_margin_difference,median_margin_difference,ci_95_low,ci_95_high,positive_images,negative_images,fraction_positive,wilcoxon_p,sign_test_p,original_accuracy,targeted_accuracy,random_accuracy
0,abyssinian,1.25,0,64,0,0.0,,,,,,,,0,0,,,,,,
1,american_bulldog,1.25,7,64,20,0.3125,0.00014082491397857667,0.27860255241394044,0.1865072250366211,0.2620732180774212,0.147643581032753,0.15487561309710146,0.3949286723509431,20,0,1.0,9.5367431640625e-07,9.5367431640625e-07,0.9375,0.9375,0.9375
2,american_pit_bull_terrier,1.25,0,64,0,0.0,,,,,,,,0,0,,,,,,
3,basset_hound,1.25,0,64,0,0.0,,,,,,,,0,0,,,,,,
4,beagle,1.25,0,64,0,0.0,,,,,,,,0,0,,,,,,
5,bengal,1.25,0,64,0,0.0,,,,,,,,0,0,,,,,,
6,birman,1.25,0,64,0,0.0,,,,,,,,0,0,,,,,,
7,bombay,1.25,1,64,10,0.15625,0.00011202096939086915,0.051519775390625,0.030888080596923828,0.07838162556290626,0.048831045627593994,0.04599030882120132,0.11392326191067695,10,0,1.0,0.0009765625,0.0009765625,0.953125,0.953125,0.953125
8,boxer,1.25,2,64,7,0.109375,0.0002867664609636579,0.076176575251988,0.0812077522277832,0.08879340120724269,0.09843602776527405,0.059899861365556716,0.1135193577834538,7,0,1.0,0.0078125,0.0078125,0.875,0.875,0.875
9,british_shorthair,1.25,6,64,28,0.4375,0.0048915953424771685,0.15788597294262477,0.13127374649047852,0.14144196999924524,0.12280315905809402,0.1052822465742273,0.18258929999013032,27,1,0.9642857142857143,1.1175870895385742e-08,1.0803341865539551e-07,0.703125,0.703125,0.703125
10,chihuahua,1.25,0,64,0,0.0,,,,,,,,0,0,,,,,,
11,egyptian_mau,1.25,1,64,11,0.171875,5.106680857186968e-05,0.3085406585173173,0.2803764343261719,0.44347184896469116,0.3687896728515625,0.2950111087072979,0.61560814041983,11,0,1.0,0.00048828125,0.00048828125,0.875,0.875,0.875
12,english_cocker_spaniel,1.25,0,64,0,0.0,,,,,,,,0,0,,,,,,
13,english_setter,1.25,0,64,0,0.0,,,,,,,,0,0,,,,,,
14,german_shorthaired,1.25,2,64,9,0.140625,0.0021932125091552734,0.16678635279337564,0.1251392364501953,0.22296175691816542,0.1554170846939087,0.15461746884716882,0.3026526523960961,9,0,1.0,0.001953125,0.001953125,0.9375,0.9375,0.9375
15,great_pyrenees,1.25,16,64,20,0.3125,0.00012274086475372314,0.0397554874420166,0.03853273391723633,0.044226324558258055,0.03378617763519287,0.02366360828280449,0.06715719580650328,18,2,0.9,0.00035381317138671875,0.00020122528076171875,0.984375,0.984375,0.984375
16,havanese,1.25,1,64,5,0.078125,0.0030315279960632323,0.08213939666748046,0.08323478698730469,0.07543632984161378,0.07952320575714111,0.05549855232238769,0.08904047012329101,5,0,1.0,0.03125,0.03125,0.921875,0.921875,0.921875
17,japanese_chin,1.25,1,64,0,0.0,,,,,,,,0,0,,,,0.984375,0.984375,0.984375
18,keeshond,1.25,34,64,33,0.515625,0.0006439198147166859,0.16366150884917288,0.1517200469970703,0.22294868370800308,0.1184307336807251,0.14596750120717017,0.3058584782605369,30,3,0.9090909090909091,6.239861249923706e-08,7.005874067544937e-07,1.0,1.0,1.0
19,leonberger,1.25,13,64,26,0.40625,0.00020908227620216517,0.12064307469588059,0.05342459678649902,0.13911188737704203,0.05985499918460846,0.08105056430571354,0.20389327025757387,24,2,0.9230769230769231,6.407499313354492e-07,5.245208740234375e-06,0.953125,0.953125,0.953125
20,maine_coon,1.25,1,64,5,0.078125,4.454851150512695e-05,0.09713287353515625,0.05428886413574219,0.12194713354110717,0.11798524856567383,0.05232739448547363,0.1915668725967407,5,0,1.0,0.03125,0.03125,0.8125,0.8125,0.8125
21,miniature_pinscher,1.25,0,64,0,0.0,,,,,,,,0,0,,,,,,
22,newfoundland,1.25,13,64,25,0.390625,2.4898052215576174e-05,0.0634354019165039,0.04785728454589844,0.0804234002623707,0.03644591569900513,0.050426898598670965,0.1146860807503108,23,2,0.92,9.834766387939453e-07,9.715557098388672e-06,0.984375,0.984375,0.984375
23,persian,1.25,11,64,47,0.734375,0.006662551754530757,0.2504886490233401,0.17730093002319336,0.30624505053175255,0.20835942029953003,0.2319948919275974,0.39096180420923743,46,1,0.9787234042553191,3.552713678800501e-14,3.410605131648481e-13,0.90625,0.90625,0.90625
24,pomeranian,1.25,3,64,6,0.09375,0.0016259849071502686,0.1740795373916626,0.14938247203826904,0.15058375398317972,0.11865001916885376,0.026691406965255737,0.31052828828493756,5,1,0.8333333333333334,0.046875,0.109375,0.875,0.875,0.875
25,pug,1.25,2,64,31,0.484375,0.0006801142327247128,0.14310165759055846,0.14945030212402344,0.1445967567063147,0.11329823732376099,0.10804561863863661,0.1821733062906611,31,0,1.0,4.656612873077393e-10,4.656612873077393e-10,0.96875,0.96875,0.96875
26,ragdoll,1.25,1,64,0,0.0,,,,,,,,0,0,,,,0.625,0.625,0.625
27,russian_blue,1.25,1,64,6,0.09375,-0.0007155487934748331,0.02508680025736491,0.02177286148071289,0.031319270531336464,0.037697404623031616,-0.005632877349853516,0.06925107041994731,4,2,0.6666666666666666,0.109375,0.34375,0.859375,0.859375,0.859375
28,saint_bernard,1.25,0,64,0,0.0,,,,,,,,0,0,,,,,,
29,samoyed,1.25,8,64,3,0.046875,8.352597554524739e-05,0.06945594151814778,0.08306455612182617,0.10788766543070476,0.08919429779052734,0.0383528470993042,0.19611585140228271,3,0,1.0,0.125,0.125,1.0,1.0,1.0
30,scottish_terrier,1.25,0,64,0,0.0,,,,,,,,0,0,,,,,,
31,shiba_inu,1.25,4,64,12,0.1875,3.7054220835367837e-06,0.07744828859965007,0.06598520278930664,0.0806083728869756,0.07799163460731506,0.05657905712723732,0.10600876733660697,12,0,1.0,0.000244140625,0.000244140625,1.0,1.0,1.0
32,siamese,1.25,0,64,0,0.0,,,,,,,,0,0,,,,,,
33,sphynx,1.25,20,64,36,0.5625,-7.00023439195421e-06,0.1713602277967665,0.1427168846130371,0.21053919095235565,0.18139716982841492,0.1563631164019979,0.27398138384515824,35,1,0.9722222222222222,4.3655745685100555e-11,5.384208634495735e-10,0.859375,0.859375,0.859375
34,staffordshire_bull_terrier,1.25,1,64,0,0.0,,,,,,,,0,0,,,,0.6875,0.6875,0.6875
35,wheaten_terrier,1.25,21,64,21,0.328125,0.00034421540441967194,0.09395207677568708,0.09274005889892578,0.1001964465581945,0.0768778920173645,0.05093368692434437,0.15543586585249397,18,3,0.8571428571428571,0.0003037452697753906,0.0007448196411132812,0.875,0.875,0.875
36,yorkshire_terrier,1.25,20,64,24,0.375,0.0018379565638800461,0.11632647116978963,0.08408975601196289,0.15025978190048286,0.10972175747156143,0.10112579537089915,0.19913309825739514,23,1,0.9583333333333334,1.7881393432617188e-07,1.4901161193847656e-06,0.96875,0.96875,0.96875
