class_id,class_name,n_selected_features,n_treated,all_mean_margin_difference,all_ci_95_low,all_ci_95_high,all_fraction_positive,all_wilcoxon_p,n_correct_treated,correct_mean_margin_difference,correct_median_margin_difference,correct_ci_95_low,correct_ci_95_high,correct_positive_images,correct_negative_images,correct_fraction_positive,correct_wilcoxon_p,correct_sign_test_p,all_wilcoxon_fdr,correct_wilcoxon_fdr
0,abyssinian,0,0,,,,,,0,,,,,0,0,,,,,
1,american_bulldog,7,20,1.0432075502350926,0.6319328274857253,1.5422850114107127,1.0,9.5367431640625e-07,20,1.0432075502350926,0.5729145109653473,0.632464780616574,1.545692696645856,20,0,1.0,9.5367431640625e-07,9.5367431640625e-07,2.294778823852539e-06,2.5816261768341064e-06
2,american_pit_bull_terrier,0,0,,,,,,0,,,,,0,0,,,,,
3,basset_hound,0,0,,,,,,0,,,,,0,0,,,,,
4,beagle,0,0,,,,,,0,,,,,0,0,,,,,
5,bengal,0,0,,,,,,0,,,,,0,0,,,,,
6,birman,0,0,,,,,,0,,,,,0,0,,,,,
7,bombay,1,10,0.31753363776952026,0.18821576699614526,0.4594276256859302,1.0,0.0009765625,10,0.31753363776952026,0.20078688859939575,0.19029872104525566,0.4636677993973717,10,0,1.0,0.0009765625,0.0009765625,0.00146484375,0.00146484375
8,boxer,2,7,0.3501316266400473,0.23649134806224278,0.4475381757531847,1.0,0.0078125,7,0.3501316266400473,0.38786780834198,0.237777564568179,0.44663443735667635,7,0,1.0,0.0078125,0.0078125,0.01025390625,0.01025390625
9,british_shorthair,6,28,0.5532425795016545,0.41038642442519113,0.7168488078318269,0.9642857142857143,1.1175870895385742e-08,23,0.6016668546135011,0.5268042087554932,0.4367084254308239,0.7810819874963034,23,0,1.0,1.1920928955078125e-07,1.1920928955078125e-07,5.8673322200775146e-08,5.006790161132813e-07
10,chihuahua,0,0,,,,,,0,,,,,0,0,,,,,
11,egyptian_mau,1,11,1.7930478209798986,1.1745816108178009,2.511604086648333,1.0,0.00048828125,10,1.9129540622234344,1.5201904773712158,1.2500266076624393,2.665742847621441,10,0,1.0,0.0009765625,0.0009765625,0.0008211135864257812,0.00146484375
12,english_cocker_spaniel,0,0,,,,,,0,,,,,0,0,,,,,
13,english_setter,0,0,,,,,,0,,,,,0,0,,,,,
14,german_shorthaired,2,9,0.8849925597508749,0.6158903916676839,1.1995776504278182,1.0,0.001953125,9,0.8849925597508749,0.6177475452423096,0.6066038144959345,1.2003475824991863,9,0,1.0,0.001953125,0.001953125,0.002734375,0.002734375
15,great_pyrenees,16,20,0.1543233647942543,0.08325082004070282,0.23756917096674438,0.9,0.0005083084106445312,20,0.1543233647942543,0.1256183385848999,0.0821074290573597,0.2401376876980066,18,2,0.9,0.0005083084106445312,0.00020122528076171875,0.0008211135864257812,0.0008895397186279297
16,havanese,1,5,0.30030040740966796,0.21865110397338866,0.35622668266296387,1.0,0.03125,5,0.30030040740966796,0.3186061382293701,0.21865110397338866,0.3555872440338135,5,0,1.0,0.03125,0.03125,0.036458333333333336,0.036458333333333336
17,japanese_chin,1,0,,,,,,0,,,,,0,0,,,,,
18,keeshond,34,33,0.8503008829147527,0.5547209335067733,1.173545069380127,0.9393939393939394,3.573950380086899e-08,33,0.8503008829147527,0.46271657943725586,0.549377107318265,1.1619404699286502,31,2,0.9393939393939394,3.573950380086899e-08,6.542541086673737e-08,1.5010591596364976e-07,1.876323949545622e-07
19,leonberger,13,26,0.5558178923450984,0.32000012025237085,0.8221667411092383,0.9230769230769231,6.407499313354492e-07,25,0.5710519260168075,0.2572617530822754,0.3226635688021779,0.8508681548982855,23,2,0.92,1.2814998626708984e-06,9.715557098388672e-06,1.9222497940063477e-06,2.9901663462320962e-06
20,maine_coon,1,5,0.4967017531394958,0.22256641387939452,0.7708370923995972,1.0,0.03125,5,0.4967017531394958,0.47730278968811035,0.22256641387939452,0.7708370923995972,5,0,1.0,0.03125,0.03125,0.036458333333333336,0.036458333333333336
21,miniature_pinscher,0,0,,,,,,0,,,,,0,0,,,,,
22,newfoundland,13,25,0.3321529348194599,0.2085782271847129,0.4724814695790409,0.92,9.834766387939453e-07,25,0.3321529348194599,0.14735889434814453,0.20764065302908422,0.47458786712586876,23,2,0.92,9.834766387939453e-07,9.715557098388672e-06,2.294778823852539e-06,2.5816261768341064e-06
23,persian,11,47,1.2379425898828404,0.9380531455647756,1.5745686488701625,0.9787234042553191,3.552713678800501e-14,43,1.2341048781608426,0.8253436088562012,0.9081688186067135,1.6052224147545042,42,1,0.9767441860465116,5.684341886080801e-13,5.002220859751105e-12,7.460698725481052e-13,1.1937117960769683e-11
24,pomeranian,3,6,0.6218399877349535,0.11219369371732076,1.2686318655808766,0.8333333333333334,0.046875,6,0.6218399877349535,0.5078851580619812,0.10519424409916023,1.2686318655808766,5,1,0.8333333333333334,0.046875,0.109375,0.05180921052631579,0.05180921052631579
25,pug,2,31,0.5734097556241097,0.4299382751326888,0.7206874509372055,1.0,4.656612873077393e-10,30,0.5841665330032507,0.5399686694145203,0.4338024770468474,0.7335748523349563,30,0,1.0,9.313225746154785e-10,9.313225746154785e-10,3.259629011154175e-09,6.51925802230835e-09
26,ragdoll,1,0,,,,,,0,,,,,0,0,,,,,
27,russian_blue,1,6,0.12396596868832906,-0.0231741468111674,0.2752096652984619,0.6666666666666666,0.109375,5,0.16171187162399292,0.16731715202331543,-0.017516231536865233,0.3329336166381836,4,1,0.8,0.09375,0.1875,0.11484375,0.0984375
28,saint_bernard,0,0,,,,,,0,,,,,0,0,,,,,
29,samoyed,8,3,0.44985949993133545,0.15615439414978027,0.7790331840515137,1.0,0.125,3,0.44985949993133545,0.4143909215927124,0.15615439414978027,0.7790331840515137,3,0,1.0,0.125,0.125,0.125,0.125
30,scottish_terrier,0,0,,,,,,0,,,,,0,0,,,,,
31,shiba_inu,4,12,0.31602662553389865,0.2223955238237977,0.41493114748348786,1.0,0.000244140625,12,0.31602662553389865,0.3049442619085312,0.22600272900114457,0.4162258911877869,12,0,1.0,0.000244140625,0.000244140625,0.0005126953125,0.00046608664772727275
32,siamese,0,0,,,,,,0,,,,,0,0,,,,,
33,sphynx,20,36,0.8498988444658203,0.6351548246386098,1.102487406818222,0.9722222222222222,4.3655745685100555e-11,36,0.8498988444658203,0.6864584013819695,0.6319273041832881,1.0924160872049267,35,1,0.9722222222222222,4.3655745685100555e-11,5.384208634495735e-10,4.5838532969355583e-10,4.5838532969355583e-10
34,staffordshire_bull_terrier,1,0,,,,,,0,,,,,0,0,,,,,
35,wheaten_terrier,21,21,0.39710255499397007,0.20105901710422977,0.6184948990476272,0.8571428571428571,0.0003037452697753906,20,0.4280411425977945,0.33292634785175323,0.22893192328047007,0.6566177521506323,18,2,0.9,0.00013065338134765625,0.00020122528076171875,0.0005798773332075639,0.0002743721008300781
36,yorkshire_terrier,20,24,0.60069347883109,0.4037933336027587,0.7961186540604103,0.9583333333333334,1.7881393432617188e-07,23,0.5834723500048985,0.35778528451919556,0.3857949340969081,0.7902264035509332,22,1,0.9565217391304348,3.5762786865234375e-07,2.86102294921875e-06,6.258487701416016e-07,1.2516975402832031e-06
