target_class,target_class_name,insertion_scale,n_selected_features,n_source_images,mean_original_target_margin,mean_targeted_target_margin,mean_control_target_margin,mean_targeted_margin_increase,mean_control_margin_increase,mean_target_margin_difference,median_target_margin_difference,ci_95_low,ci_95_high,positive_images,negative_images,fraction_positive,wilcoxon_p,sign_test_p,targeted_flip_count,control_flip_count,targeted_crossed_zero_count,control_crossed_zero_count,wilcoxon_fdr_within_scale,wilcoxon_fdr_global
0,abyssinian,0.5,0,0,,,,,,,,,,0,0,,,,0,0,0,0,,
1,american_bulldog,0.5,7,64,-15.768933549523354,-15.070005305111408,-15.471579894423485,0.6989282444119453,0.2973536550998688,0.40157458931207657,0.3874802589416504,0.236572827026248,0.5614597132429481,44,20,0.6875,2.5322765497622707e-05,0.0018449821382700243,0,0,0,0,3.574978658487911e-05,3.330117106536685e-05
2,american_pit_bull_terrier,0.5,0,0,,,,,,,,,,0,0,,,,0,0,0,0,,
3,basset_hound,0.5,0,0,,,,,,,,,,0,0,,,,0,0,0,0,,
4,beagle,0.5,0,0,,,,,,,,,,0,0,,,,0,0,0,0,,
5,bengal,0.5,0,0,,,,,,,,,,0,0,,,,0,0,0,0,,
6,birman,0.5,0,0,,,,,,,,,,0,0,,,,0,0,0,0,,
7,bombay,0.5,1,64,-14.676603876054287,-14.316004392690957,-14.547498850151896,0.36059948336333036,0.12910502590239048,0.23149445746093988,0.31719112396240234,0.10536641995422542,0.35125753304455426,47,17,0.734375,0.0003843654595230824,0.0001134411914416403,0,0,0,0,0.0004392748108835228,0.0004241274036116772
8,boxer,0.5,2,64,-14.676047772169113,-14.179002188146114,-14.532399512827396,0.4970455840229988,0.14364825934171677,0.35339732468128204,0.3040633201599121,0.29694103728979826,0.40879878718405954,60,4,0.9375,4.952378575216541e-12,3.681522317902641e-14,0,0,0,0,1.4857135725649622e-11,1.2849414681642916e-11
9,british_shorthair,0.5,6,64,-14.232462175190449,-13.565017186105251,-14.234561070799828,0.6674449890851974,-0.0020988956093788147,0.6695438846945763,0.6575384140014648,0.5539336804300546,0.7860910585150123,58,6,0.90625,8.622453253670825e-12,4.5145094802225005e-12,0,0,0,0,2.2993208676455532e-11,2.1224500316728185e-11
10,chihuahua,0.5,0,0,,,,,,,,,,0,0,,,,0,0,0,0,,
11,egyptian_mau,0.5,1,64,-14.802712950855494,-14.071123475208879,-14.798960648477077,0.731589475646615,0.0037523023784160614,0.727837173268199,0.6527633666992188,0.6057843695394695,0.8528026094660163,60,4,0.9375,3.573308354143793e-12,3.681522317902641e-14,0,0,0,0,1.2251342928493005e-11,1.0719925062431379e-11
12,english_cocker_spaniel,0.5,0,0,,,,,,,,,,0,0,,,,0,0,0,0,,
13,english_setter,0.5,0,0,,,,,,,,,,0,0,,,,0,0,0,0,,
14,german_shorthaired,0.5,2,64,-14.587066911160946,-14.02824655175209,-14.593929149210453,0.5588203594088554,-0.006862238049507141,0.5656825974583626,0.4850447177886963,0.48414536342024805,0.6516229026019573,62,2,0.96875,2.4543405355246654e-12,1.1281123604711674e-16,0,0,0,0,1.1780834570518393e-11,9.062180438860303e-12
15,great_pyrenees,0.5,16,64,-14.881318651139736,-14.151311971247196,-14.70696035400033,0.73000667989254,0.1743582971394062,0.5556483827531338,0.5749092102050781,0.45237183244898915,0.6552685057744383,60,4,0.9375,2.9339001299590585e-11,3.681522317902641e-14,0,0,0,0,6.401236647183401e-11,6.258986943912658e-11
16,havanese,0.5,1,64,-14.442504040896893,-14.106538968160748,-14.494150925427675,0.33596507273614407,-0.0516468845307827,0.38761195726692677,0.41341352462768555,0.3341078534256667,0.442780796950683,61,3,0.953125,2.341300183691897e-12,2.3714212017689196e-15,0,0,0,0,1.1780834570518393e-11,9.062180438860303e-12
17,japanese_chin,0.5,1,64,-14.602458655834198,-14.473457992076874,-14.49287236481905,0.12900066375732422,0.10958629101514816,0.019414372742176056,-0.015655517578125,-0.04552101157605648,0.08751890212297433,30,34,0.46875,0.5319808103834521,0.7338456119860789,0,0,0,0,0.5551104108349065,0.5551104108349065
18,keeshond,0.5,34,64,-14.142730176448822,-13.36867719143629,-13.824737787246704,0.7740529850125313,0.3179923892021179,0.45606059581041336,0.48665475845336914,0.23749321345239877,0.6744448663666843,42,22,0.65625,0.00019677067276521173,0.008429095022140565,0,0,0,0,0.00023612480731825407,0.00022223511277012146
19,leonberger,0.5,13,64,-14.58476547896862,-14.033939342945814,-14.318780101835728,0.5508261360228062,0.2659853771328926,0.28484075888991356,0.33701562881469727,0.14454743154346944,0.42119424436241387,44,20,0.6875,0.00018702074406284962,0.0018449821382700243,0,0,0,0,0.00023612480731825407,0.0002163131497594405
20,maine_coon,0.5,1,64,-15.14737804979086,-14.977818094193935,-15.095610924065113,0.16955995559692383,0.051767125725746155,0.11779282987117767,0.11530923843383789,0.08098902348428964,0.15444006230682134,50,14,0.78125,3.2539129514908756e-07,3.5347437712728393e-06,0,0,0,0,5.206260722385401e-07,4.958343545128954e-07
21,miniature_pinscher,0.5,0,0,,,,,,,,,,0,0,,,,0,0,0,0,,
22,newfoundland,0.5,13,64,-15.662521950900555,-14.79522304981947,-15.723314747214317,0.8672989010810852,-0.060792796313762665,0.9280916973948479,0.893646240234375,0.7660361491143703,1.088447657600045,56,8,0.875,1.7092132416867188e-11,2.781336121159862e-10,0,0,0,0,4.102111780048125e-11,3.906773123855357e-11
23,persian,0.5,11,64,-15.589996606111526,-14.473530016839504,-15.322413146495819,1.1164665892720222,0.2675834596157074,0.8488831296563148,0.8022060394287109,0.7080715643242002,0.9949235510081053,61,3,0.953125,3.573308354143793e-12,2.3714212017689196e-15,0,0,0,0,1.2251342928493005e-11,1.0719925062431379e-11
24,pomeranian,0.5,3,64,-14.498680341988802,-14.028308514505625,-14.794215202331543,0.4703718274831772,-0.295534860342741,0.7659066878259182,0.7391414642333984,0.6017413089983166,0.9349951472133398,57,7,0.890625,3.9776525339765424e-10,3.819070672770111e-11,0,0,0,0,7.955305067953085e-10,7.792951903300982e-10
25,pug,0.5,2,64,-14.901348941028118,-14.531220354139805,-14.88497769832611,0.3701285868883133,0.016371242702007294,0.353757344186306,0.3447577953338623,0.25033007115125655,0.4608938567340374,50,14,0.78125,1.0928023082683711e-07,3.5347437712728393e-06,0,0,0,0,1.873375385602922e-07,1.873375385602922e-07
26,ragdoll,0.5,1,64,-15.591252848505974,-15.356419935822487,-15.551523961126804,0.23483291268348694,0.039728887379169464,0.19510402530431747,0.2050800323486328,0.13884732015430928,0.25351878572255365,50,14,0.78125,3.7920386910857524e-08,3.5347437712728393e-06,0,0,0,0,7.000686814312158e-08,7.000686814312158e-08
27,russian_blue,0.5,1,64,-14.459588289260864,-14.311312332749367,-14.479435175657272,0.1482759565114975,-0.01984688639640808,0.16812284290790558,0.21727800369262695,0.08957120664417743,0.24606188349425792,43,21,0.671875,5.107231068175316e-05,0.004073451114349284,0,0,0,0,6.809641424233756e-05,6.28582285313885e-05
28,saint_bernard,0.5,0,0,,,,,,,,,,0,0,,,,0,0,0,0,,
29,samoyed,0.5,8,64,-15.322057332843542,-14.971216402947903,-14.942764326930046,0.3508409298956394,0.379293005913496,-0.028452076017856598,0.022049903869628906,-0.20348566677421331,0.1507666083052754,33,31,0.515625,0.6028815185208065,0.4503266231260167,0,0,0,0,0.6028815185208065,0.6223293094408325
30,scottish_terrier,0.5,0,0,,,,,,,,,,0,0,,,,0,0,0,0,,
31,shiba_inu,0.5,4,64,-14.320168424397707,-14.027058212086558,-14.174930715933442,0.29311021231114864,0.14523770846426487,0.14787250384688377,0.12188529968261719,0.05481683053076268,0.24291901970282195,40,24,0.625,0.005629363405567661,0.029970594783499616,0,0,0,0,0.006141123715164721,0.006141123715164721
32,siamese,0.5,0,0,,,,,,,,,,0,0,,,,0,0,0,0,,
33,sphynx,0.5,20,64,-15.286526873707771,-14.251013785600662,-15.06151507794857,1.035513088107109,0.22501179575920105,0.810501292347908,0.7788591384887695,0.7113942315801978,0.9135252576321362,62,2,0.96875,2.1303181908469447e-12,1.1281123604711674e-16,0,0,0,0,1.1780834570518393e-11,9.062180438860303e-12
34,staffordshire_bull_terrier,0.5,1,64,-13.578031197190285,-13.35144455730915,-13.636010579764843,0.22658663988113403,-0.05797938257455826,0.2845660224556923,0.31102418899536133,0.1904126251116395,0.37882289737462993,51,13,0.796875,8.136141005676481e-07,9.404810782147007e-07,0,0,0,0,1.220421150851472e-06,1.165775427679018e-06
35,wheaten_terrier,0.5,21,64,-15.397147566080093,-14.126625649631023,-15.036886267364025,1.27052191644907,0.36026129871606827,0.9102606177330017,0.9524626731872559,0.8032099332660436,1.0125800859183074,63,1,0.984375,1.848343046032343e-12,3.5236570605778894e-18,0,0,0,0,1.1780834570518393e-11,9.062180438860303e-12
36,yorkshire_terrier,0.5,20,64,-14.415497951209545,-12.856778286397457,-14.19925593584776,1.558719664812088,0.2162420153617859,1.3424776494503021,1.2901124954223633,1.1363474247977137,1.5557646045461297,63,1,0.984375,1.9380081828285503e-12,3.5236570605778894e-18,0,0,0,0,1.1780834570518393e-11,9.062180438860303e-12
0,abyssinian,1.0,0,0,,,,,,,,,,0,0,,,,0,0,0,0,,
1,american_bulldog,1.0,7,64,-15.768933549523354,-14.332953579723835,-15.189207136631012,1.4359799697995186,0.5797264128923416,0.856253556907177,0.8585104942321777,0.522291075438261,1.1847679199650882,46,18,0.71875,8.537380866293613e-06,0.0003086891320335649,0,0,0,0,1.205277298770863e-05,1.1383174488391485e-05
2,american_pit_bull_terrier,1.0,0,0,,,,,,,,,,0,0,,,,0,0,0,0,,
3,basset_hound,1.0,0,0,,,,,,,,,,0,0,,,,0,0,0,0,,
4,beagle,1.0,0,0,,,,,,,,,,0,0,,,,0,0,0,0,,
5,bengal,1.0,0,0,,,,,,,,,,0,0,,,,0,0,0,0,,
6,birman,1.0,0,0,,,,,,,,,,0,0,,,,0,0,0,0,,
7,bombay,1.0,1,64,-14.676603876054287,-13.972640093415976,-14.445459324866533,0.7039637826383114,0.23114455118775368,0.4728192314505577,0.596684455871582,0.23536599557846785,0.7052109012380242,47,17,0.734375,0.0002289455188578966,0.0001134411914416403,1,0,1,0,0.0002497587478449781,0.00025556709081811713
8,boxer,1.0,2,64,-14.676047772169113,-13.717078043147922,-14.427844375371933,0.9589697290211916,0.24820339679718018,0.7107663322240114,0.6090891361236572,0.5989639007952064,0.8255367724690585,60,4,0.9375,4.727395555066514e-12,3.681522317902641e-14,0,0,0,0,1.2606388146844036e-11,1.2606388146844036e-11
9,british_shorthair,1.0,6,64,-14.232462175190449,-12.697043351829052,-14.265355356037617,1.5354188233613968,-0.03289318084716797,1.5683120042085648,1.5192999839782715,1.3319415112026036,1.8146545126102864,61,3,0.953125,3.1048279788492743e-12,2.3714212017689196e-15,0,0,0,0,9.314483936547823e-12,9.935449532317678e-12
10,chihuahua,1.0,0,0,,,,,,,,,,0,0,,,,0,0,0,0,,
11,egyptian_mau,1.0,1,64,-14.802712950855494,-13.250879500061274,-14.763172626495361,1.55183345079422,0.03954032436013222,1.5122931264340878,1.3886499404907227,1.2654189117252828,1.7681662179529665,60,4,0.9375,2.962477865667243e-12,3.681522317902641e-14,1,0,1,0,9.314483936547823e-12,9.806823279450185e-12
12,english_cocker_spaniel,1.0,0,0,,,,,,,,,,0,0,,,,0,0,0,0,,
13,english_setter,1.0,0,0,,,,,,,,,,0,0,,,,0,0,0,0,,
14,german_shorthaired,1.0,2,64,-14.587066911160946,-13.43787157163024,-14.651486538350582,1.1491953395307064,-0.06441962718963623,1.2136149667203426,1.0677614212036133,1.0498201249167323,1.3858867780305446,63,1,0.984375,1.9380081828285503e-12,3.5236570605778894e-18,0,0,0,0,9.314483936547823e-12,9.062180438860303e-12
15,great_pyrenees,1.0,16,64,-14.881318651139736,-13.422565840184689,-14.573947302997112,1.4587528109550476,0.3073713481426239,1.1513814628124237,1.1804542541503906,0.9474930614233017,1.3536932423710821,61,3,0.953125,1.7883601996005033e-11,2.3714212017689196e-15,0,0,0,0,3.901876799128371e-11,3.992618120038333e-11
16,havanese,1.0,1,64,-14.442504040896893,-13.750048475340009,-14.535784646868706,0.6924555655568838,-0.0932806059718132,0.785736171528697,0.8454799652099609,0.6790021930355579,0.8961681860964745,61,3,0.953125,2.341300183691897e-12,2.3714212017689196e-15,0,0,0,0,9.314483936547823e-12,9.062180438860303e-12
17,japanese_chin,1.0,1,64,-14.602458655834198,-14.374082259833813,-14.414931505918503,0.22837639600038528,0.1875271499156952,0.040849246084690094,-0.03215312957763672,-0.09107902888208627,0.1767244428396225,30,34,0.46875,0.5133371565261237,0.7338456119860789,0,0,0,0,0.5356561633316074,0.5415424947967898
18,keeshond,1.0,34,64,-14.142730176448822,-12.491426162421703,-13.492134355008602,1.6513040140271187,0.6505958214402199,1.0007081925868988,1.0243778228759766,0.5792823625728488,1.425615380145609,44,20,0.6875,4.833224733235803e-05,0.0018449821382700243,0,0,0,0,6.105125978824171e-05,6.025838628449832e-05
19,leonberger,1.0,13,64,-14.58476547896862,-13.436863783746958,-14.054036423563957,1.1479016952216625,0.5307290554046631,0.6171726398169994,0.6177997589111328,0.3455623036250472,0.886972382199019,44,20,0.6875,9.019594185767086e-05,0.0018449821382700243,0,0,0,0,0.00010823513022920503,0.00010823513022920503
20,maine_coon,1.0,1,64,-15.14737804979086,-14.815769523382187,-15.056084766983986,0.33160852640867233,0.09129328280687332,0.240315243601799,0.2372589111328125,0.16759519837796688,0.31517581678926937,50,14,0.78125,2.833200311510397e-07,3.5347437712728393e-06,0,0,0,0,4.533120498416635e-07,4.3868908049193245e-07
21,miniature_pinscher,1.0,0,0,,,,,,,,,,0,0,,,,0,0,0,0,,
22,newfoundland,1.0,13,64,-15.662521950900555,-13.731147643178701,-15.739611856639385,1.9313743077218533,-0.07708990573883057,2.008464213460684,1.9321074485778809,1.6888574806042016,2.33807661505416,58,6,0.90625,9.027658951343032e-12,4.5145094802225005e-12,0,0,0,0,2.1666381483223278e-11,2.1666381483223278e-11
23,persian,1.0,11,64,-15.589996606111526,-13.303495779633522,-15.139833822846413,2.2865008264780045,0.45016278326511383,1.8363380432128906,1.7826595306396484,1.5531425749883057,2.1226386927068233,63,1,0.984375,2.4543405355246654e-12,3.5236570605778894e-18,0,0,0,0,9.314483936547823e-12,9.062180438860303e-12
24,pomeranian,1.0,3,64,-14.498680341988802,-13.479836169630289,-15.121196903288364,1.0188441723585129,-0.6225165612995625,1.6413607336580753,1.5612499713897705,1.3002616653218866,1.9845901317894457,57,7,0.890625,2.1037433318324864e-10,3.819070672770111e-11,0,0,0,0,4.207486663664972e-10,4.207486663664972e-10
25,pug,1.0,2,64,-14.901348941028118,-14.051825113594532,-14.886475346982479,0.8495238274335861,0.014873594045639038,0.8346502333879471,0.7891185283660889,0.6192249950021506,1.0512552849948407,52,12,0.8125,6.3124161231515355e-09,2.2833053502227052e-07,0,0,0,0,1.1653691304279759e-08,1.1882195055344068e-08
26,ragdoll,1.0,1,64,-15.591252848505974,-15.150960959494114,-15.534015655517578,0.4402918890118599,0.05723719298839569,0.3830546960234642,0.40033435821533203,0.2727926541119814,0.49930743891745805,50,14,0.78125,4.397620183613866e-08,3.5347437712728393e-06,0,0,0,0,7.53877745762377e-08,7.965500709942096e-08
27,russian_blue,1.0,1,64,-14.459588289260864,-14.173862911760807,-14.51438745111227,0.2857253775000572,-0.0547991618514061,0.3405245393514633,0.4408302307128906,0.18686828799545765,0.49515284411609173,44,20,0.6875,4.833224733235803e-05,0.0018449821382700243,0,0,0,0,6.105125978824171e-05,6.025838628449832e-05
28,saint_bernard,1.0,0,0,,,,,,,,,,0,0,,,,0,0,0,0,,
29,samoyed,1.0,8,64,-15.322057332843542,-14.648287180811167,-14.568123310804367,0.6737701520323753,0.753934022039175,-0.0801638700067997,0.04585552215576172,-0.43136821864172814,0.2661654708907008,33,31,0.515625,0.6233582312507335,0.4503266231260167,0,0,0,0,0.6233582312507335,0.6366211723411747
30,scottish_terrier,1.0,0,0,,,,,,,,,,0,0,,,,0,0,0,0,,
31,shiba_inu,1.0,4,64,-14.320168424397707,-13.608568396419287,-14.006745554506779,0.7116000279784203,0.31342286989092827,0.398177158087492,0.35562705993652344,0.20818316144868731,0.594912786502391,43,21,0.671875,0.00019677067276521173,0.004073451114349284,1,0,1,0,0.0002248807688745277,0.00022223511277012146
32,siamese,1.0,0,0,,,,,,,,,,0,0,,,,0,0,0,0,,
33,sphynx,1.0,20,64,-15.286526873707771,-13.229596812278032,-14.86848134920001,2.056930061429739,0.418045524507761,1.638884536921978,1.5217535495758057,1.4464821251109243,1.842175815626979,62,2,0.96875,2.031933882294405e-12,1.1281123604711674e-16,0,0,0,0,9.314483936547823e-12,9.062180438860303e-12
34,staffordshire_bull_terrier,1.0,1,64,-13.578031197190285,-13.112322375178337,-13.698672443628311,0.46570882201194763,-0.12064124643802643,0.5863500684499741,0.6249475479125977,0.3942080086097121,0.7721239278092981,51,13,0.796875,3.9997740277883257e-07,9.404810782147007e-07,0,0,0,0,5.999661041682488e-07,5.999661041682488e-07
35,wheaten_terrier,1.0,21,64,-15.397147566080093,-12.752831723541021,-14.750527523458004,2.644315842539072,0.6466200426220894,1.9976957999169827,2.0627903938293457,1.7812193866819144,2.2140752928331495,64,0,1.0,1.7627490366353699e-12,5.421010862427522e-20,0,0,0,0,9.314483936547823e-12,9.062180438860303e-12
36,yorkshire_terrier,1.0,20,64,-14.415497951209545,-11.087551981210709,-14.067179933190346,3.3279459699988365,0.34831801801919937,2.979627951979637,2.776479721069336,2.5877727545797824,3.3919822704046965,64,0,1.0,1.7627490366353699e-12,5.421010862427522e-20,0,0,0,0,9.314483936547823e-12,9.062180438860303e-12
0,abyssinian,1.5,0,0,,,,,,,,,,0,0,,,,0,0,0,0,,
1,american_bulldog,1.5,7,64,-15.768933549523354,-13.474548242986202,-14.847321704030037,2.2943853065371513,0.9216118454933167,1.3727734610438347,1.479402780532837,0.8906209843233228,1.8584994718432426,46,18,0.71875,2.629381739396119e-06,0.0003086891320335649,0,0,0,0,3.7120683379709914e-06,3.7120683379709914e-06
2,american_pit_bull_terrier,1.5,0,0,,,,,,,,,,0,0,,,,0,0,0,0,,
3,basset_hound,1.5,0,0,,,,,,,,,,0,0,,,,0,0,0,0,,
4,beagle,1.5,0,0,,,,,,,,,,0,0,,,,0,0,0,0,,
5,bengal,1.5,0,0,,,,,,,,,,0,0,,,,0,0,0,0,,
6,birman,1.5,0,0,,,,,,,,,,0,0,,,,0,0,0,0,,
7,bombay,1.5,1,64,-14.676603876054287,-13.598318545147777,-14.327557409182191,1.0782853309065104,0.34904646687209606,0.7292388640344143,0.8989486694335938,0.3745728924870491,1.0689152516424656,47,17,0.734375,0.00014099034931364118,0.0001134411914416403,1,0,1,0,0.00015380765379669948,0.00016506187236718967
8,boxer,1.5,2,64,-14.676047772169113,-13.234396044164896,-14.307848438620567,1.4416517280042171,0.36819933354854584,1.0734523944556713,0.919856071472168,0.9059823475778103,1.24240143885836,60,4,0.9375,4.5124354071563194e-12,3.681522317902641e-14,0,0,0,0,1.0829844977175167e-11,1.237696568820019e-11
9,british_shorthair,1.5,6,64,-14.232462175190449,-11.584192464128137,-14.28031075000763,2.648269711062312,-0.047848574817180634,2.6961182858794928,2.6125664710998535,2.309622214362025,3.0795220924541353,63,1,0.984375,2.233368147816947e-12,3.5236570605778894e-18,1,0,1,0,8.027314915515076e-12,9.062180438860303e-12
10,chihuahua,1.5,0,0,,,,,,,,,,0,0,,,,0,0,0,0,,
11,egyptian_mau,1.5,1,64,-14.802712950855494,-12.343555834144354,-14.696408998221159,2.4591571167111397,0.10630395263433456,2.352853164076805,2.160057544708252,1.9844271218404175,2.7469786847010256,61,3,0.953125,2.6967027864945947e-12,2.3714212017689196e-15,2,0,2,0,8.090108359483785e-12,9.588276574203004e-12
12,english_cocker_spaniel,1.5,0,0,,,,,,,,,,0,0,,,,0,0,0,0,,
13,english_setter,1.5,0,0,,,,,,,,,,0,0,,,,0,0,0,0,,
14,german_shorthaired,1.5,2,64,-14.587066911160946,-12.743238508701324,-14.69364407286048,1.8438284024596214,-0.10657716169953346,1.950405564159155,1.692941665649414,1.6926570900715887,2.2168932207860053,63,1,0.984375,1.848343046032343e-12,3.5236570605778894e-18,1,0,1,0,8.027314915515076e-12,9.062180438860303e-12
15,great_pyrenees,1.5,16,64,-14.881318651139736,-12.626892384141684,-14.413468562066555,2.2544262669980526,0.46785008907318115,1.7865761779248714,1.8560841083526611,1.4817171386443078,2.0847745701670646,61,3,0.953125,1.3621251862274133e-11,2.3714212017689196e-15,0,0,0,0,2.971909497223448e-11,3.189366289703212e-11
16,havanese,1.5,1,64,-14.442504040896893,-13.378700472414494,-14.572729088366032,1.063803568482399,-0.1302250474691391,1.194028615951538,1.2860608100891113,1.035322070773691,1.3643026337027548,61,3,0.953125,2.341300183691897e-12,2.3714212017689196e-15,0,0,0,0,8.027314915515076e-12,9.062180438860303e-12
17,japanese_chin,1.5,1,64,-14.602458655834198,-14.266050025820732,-14.329898074269295,0.3364086300134659,0.27256058156490326,0.06384804844856262,-0.05134868621826172,-0.12552167810499668,0.266272652707994,30,34,0.46875,0.5106704409260953,0.7338456119860789,0,0,0,0,0.5328735035750559,0.5415424947967898
18,keeshond,1.5,34,64,-14.142730176448822,-11.497813444584608,-13.160192862153053,2.644916731864214,0.9825373142957687,1.6623794175684452,1.7571310997009277,1.0605992192402482,2.274833600502461,46,18,0.71875,6.1099249305918975e-06,0.0003086891320335649,0,0,0,0,8.146566574122531e-06,8.50076512082351e-06
19,leonberger,1.5,13,64,-14.58476547896862,-12.73203487507999,-13.747550264000893,1.8527306038886309,0.8372152149677277,1.0155153889209032,1.1955316066741943,0.607103829877451,1.4369564121589065,45,19,0.703125,2.8381577929002036e-05,0.0007813946724140139,0,0,0,0,3.4057893514802446e-05,3.681934434032697e-05
20,maine_coon,1.5,1,64,-15.14737804979086,-14.646923512220383,-15.014296375215054,0.5004545375704765,0.13308167457580566,0.36737286299467087,0.3625984191894531,0.25592798721045257,0.48226513657718895,50,14,0.78125,1.998206120016943e-07,3.5347437712728393e-06,0,0,0,0,2.9973091800254146e-07,3.144717828223386e-07
21,miniature_pinscher,1.5,0,0,,,,,,,,,,0,0,,,,0,0,0,0,,
22,newfoundland,1.5,13,64,-15.662521950900555,-12.424639048054814,-15.671864353120327,3.2378829028457403,-0.009342402219772339,3.2472253050655127,3.1362829208374023,2.7509374699089677,3.7339631060138343,61,3,0.953125,4.5124354071563194e-12,2.3714212017689196e-15,0,0,0,0,1.0829844977175167e-11,1.237696568820019e-11
23,persian,1.5,11,64,-15.589996606111526,-12.040281096473336,-14.927106127142906,3.5497155096381903,0.6628904789686203,2.88682503066957,2.7972326278686523,2.4669991455972196,3.3067296454682946,63,1,0.984375,2.031933882294405e-12,3.5236570605778894e-18,0,0,0,0,8.027314915515076e-12,9.062180438860303e-12
24,pomeranian,1.5,3,64,-14.498680341988802,-12.800897415727377,-15.424956806004047,1.697782926261425,-0.9262764640152454,2.6240593902766705,2.530442237854004,2.1186353914439677,3.1448797329328952,59,5,0.921875,8.861369736171643e-11,4.5014084690611633e-13,0,0,0,0,1.7722739472343285e-10,1.809981903558463e-10
25,pug,1.5,2,64,-14.901348941028118,-13.41547878831625,-14.864597029983997,1.4858701527118683,0.03675191104412079,1.4491182416677475,1.3706579208374023,1.1176662381738425,1.7793890904635186,55,9,0.859375,5.336560349791853e-10,1.771111690087538e-09,0,0,0,0,9.852111415000344e-10,1.0246195871600356e-09
26,ragdoll,1.5,1,64,-15.591252848505974,-14.942222565412521,-15.505770534276962,0.6490302830934525,0.08548231422901154,0.5635479688644409,0.5857100486755371,0.40008255913853646,0.7361213013529777,50,14,0.78125,5.902046613612306e-08,3.5347437712728393e-06,0,0,0,0,1.0117794194763953e-07,1.0492527313088544e-07
27,russian_blue,1.5,1,64,-14.459588289260864,-14.02560842782259,-14.542825501412153,0.4339798614382744,-0.08323721215128899,0.5172170735895634,0.6683087348937988,0.27611075462773443,0.7500788082368671,44,20,0.6875,4.5731405622566574e-05,0.0018449821382700243,0,0,0,0,5.226446356864752e-05,5.853619919688522e-05
28,saint_bernard,1.5,0,0,,,,,,,,,,0,0,,,,0,0,0,0,,
29,samoyed,1.5,8,64,-15.322057332843542,-14.28490662202239,-14.127283945679665,1.0371507108211517,1.1947733871638775,-0.15762267634272575,0.09275627136230469,-0.6775834940373897,0.3522274791263042,33,31,0.515625,0.6484680375568906,0.4503266231260167,0,0,0,0,0.6484680375568906,0.6484680375568906
30,scottish_terrier,1.5,0,0,,,,,,,,,,0,0,,,,0,0,0,0,,
31,shiba_inu,1.5,4,64,-14.320168424397707,-13.048191921785474,-13.806046858429909,1.2719765026122332,0.5141215659677982,0.7578549366444349,0.6810235977172852,0.46933318716473876,1.0623565827030688,44,20,0.6875,8.283420100810977e-06,0.0018449821382700243,2,0,2,0,1.0463267495761233e-05,1.1200117319406392e-05
32,siamese,1.5,0,0,,,,,,,,,,0,0,,,,0,0,0,0,,
33,sphynx,1.5,20,64,-15.286526873707771,-12.181134833022952,-14.654440619051456,3.105392040684819,0.6320862546563148,2.4733057860285044,2.3003950119018555,2.182720545260236,2.777133478410542,63,1,0.984375,1.9380081828285503e-12,3.5236570605778894e-18,0,0,0,0,8.027314915515076e-12,9.062180438860303e-12
34,staffordshire_bull_terrier,1.5,1,64,-13.578031197190285,-12.83366160839796,-13.737654644995928,0.7443695887923241,-0.15962344780564308,0.9039930365979671,0.9344830513000488,0.6185343955643475,1.1853750647976993,51,13,0.796875,1.7356378210804772e-07,9.404810782147007e-07,0,0,0,0,2.777020513728763e-07,2.777020513728763e-07
35,wheaten_terrier,1.5,21,64,-15.397147566080093,-11.18640648573637,-14.44995702803135,4.210741080343723,0.9471905380487442,3.263550542294979,3.401026725769043,2.940139586851001,3.593703652173281,64,0,1.0,1.7627490366353699e-12,5.421010862427522e-20,0,0,0,0,8.027314915515076e-12,9.062180438860303e-12
36,yorkshire_terrier,1.5,20,64,-14.415497951209545,-9.071715250611305,-13.92100765556097,5.34378270059824,0.49449029564857483,4.849292404949665,4.578627109527588,4.279215861950069,5.437240455206483,64,0,1.0,1.7627490366353699e-12,5.421010862427522e-20,0,0,0,0,8.027314915515076e-12,9.062180438860303e-12
0,abyssinian,2.0,0,0,,,,,,,,,,0,0,,,,0,0,0,0,,
1,american_bulldog,2.0,7,64,-15.768933549523354,-12.513498391956091,-14.461988016963005,3.2554351575672626,1.3069455325603485,1.9484896250069141,2.140206813812256,1.3116595038212835,2.5788726225495338,47,17,0.734375,8.136141005676481e-07,0.0001134411914416403,0,0,0,0,1.0277230744012397e-06,1.165775427679018e-06
2,american_pit_bull_terrier,2.0,0,0,,,,,,,,,,0,0,,,,0,0,0,0,,
3,basset_hound,2.0,0,0,,,,,,,,,,0,0,,,,0,0,0,0,,
4,beagle,2.0,0,0,,,,,,,,,,0,0,,,,0,0,0,0,,
5,bengal,2.0,0,0,,,,,,,,,,0,0,,,,0,0,0,0,,
6,birman,2.0,0,0,,,,,,,,,,0,0,,,,0,0,0,0,,
7,bombay,2.0,1,64,-14.676603876054287,-13.197943292558193,-14.192479636520147,1.4786605834960938,0.48412423953413963,0.9945363439619541,1.2078704833984375,0.5178935456089675,1.445101435855031,47,17,0.734375,0.00011747621577612765,0.0001134411914416403,1,0,1,0,0.00012815587175577563,0.00013923107054948463
8,boxer,2.0,2,64,-14.676047772169113,-12.732005946338177,-14.173079323023558,1.9440418258309364,0.5029684491455555,1.441073376685381,1.2385437488555908,1.217813405767083,1.66913946531713,60,4,0.9375,4.5124354071563194e-12,3.681522317902641e-14,1,0,1,0,1.0829844977175167e-11,1.237696568820019e-11
9,british_shorthair,2.0,6,64,-14.232462175190449,-10.283592161722481,-14.278506860136986,3.9488700134679675,-0.04604468494653702,3.9949146984145045,3.9492197036743164,3.5016404622234405,4.500490198517218,63,1,0.984375,1.848343046032343e-12,3.5236570605778894e-18,2,0,2,0,7.023900551075691e-12,9.062180438860303e-12
10,chihuahua,2.0,0,0,,,,,,,,,,0,0,,,,0,0,0,0,,
11,egyptian_mau,2.0,1,64,-14.802712950855494,-11.343647718429565,-14.60562352091074,3.459065232425928,0.19708942994475365,3.2619758024811745,3.0067062377929688,2.7676627998240293,3.7928989908657966,63,1,0.984375,2.233368147816947e-12,3.5236570605778894e-18,3,0,3,0,7.023900551075691e-12,9.062180438860303e-12
12,english_cocker_spaniel,2.0,0,0,,,,,,,,,,0,0,,,,0,0,0,0,,
13,english_setter,2.0,0,0,,,,,,,,,,0,0,,,,0,0,0,0,,
14,german_shorthaired,2.0,2,64,-14.587066911160946,-11.960088893771172,-14.720929838716984,2.6269780173897743,-0.1338629275560379,2.7608409449458122,2.457400321960449,2.4216131487861277,3.107270857132971,64,0,1.0,1.7627490366353699e-12,5.421010862427522e-20,1,0,1,0,7.023900551075691e-12,9.062180438860303e-12
15,great_pyrenees,2.0,16,64,-14.881318651139736,-11.766899935901165,-14.233402494341135,3.114418715238571,0.6479161567986012,2.46650255843997,2.5631208419799805,2.077565235737711,2.866959510743618,61,3,0.953125,7.864753786576625e-12,2.3714212017689196e-15,0,0,0,0,1.715946280707627e-11,1.9868851671351473e-11
16,havanese,2.0,1,64,-14.442504040896893,-12.993621062487364,-14.604940116405487,1.4488829784095287,-0.1624360755085945,1.6113190539181232,1.7320852279663086,1.3920812975615262,1.8375885817222295,61,3,0.953125,2.341300183691897e-12,2.3714212017689196e-15,2,0,2,0,7.023900551075691e-12,9.062180438860303e-12
17,japanese_chin,2.0,1,64,-14.602458655834198,-14.14958219230175,-14.238762870430946,0.4528764635324478,0.36369578540325165,0.08918067812919617,-0.07178306579589844,-0.1738302094861865,0.36042898911982724,30,34,0.46875,0.49199675176591867,0.7338456119860789,0,0,0,0,0.513387914886176,0.5306931255003168
18,keeshond,2.0,34,64,-14.142730176448822,-10.420598983764648,-12.820646487176418,3.7221311926841736,1.3220836892724037,2.40004750341177,2.287351965904236,1.6161647024564445,3.1875241470523177,46,18,0.71875,4.908955767232464e-07,0.0003086891320335649,0,0,0,0,6.545274356309951e-07,7.250150056220254e-07
19,leonberger,2.0,13,64,-14.58476547896862,-11.917683240491897,-13.413550354540348,2.6670822384767234,1.1712151244282722,1.4958671140484512,1.7169125080108643,0.9405705938930624,2.053269427188206,46,18,0.71875,7.117960690810457e-06,0.0003086891320335649,0,0,0,0,8.541552828972548e-06,9.761774661682912e-06
20,maine_coon,2.0,1,64,-15.14737804979086,-14.470979914069176,-14.970125637948513,0.6763981357216835,0.1772524118423462,0.4991457238793373,0.49188899993896484,0.3505762403830886,0.6515540858730673,51,13,0.796875,1.2167166351238786e-07,9.404810782147007e-07,0,0,0,0,1.8914390122369846e-07,2.049206964419164e-07
21,miniature_pinscher,2.0,0,0,,,,,,,,,,0,0,,,,0,0,0,0,,
22,newfoundland,2.0,13,64,-15.662521950900555,-10.952625068835914,-15.514116793870926,4.7098968820646405,0.14840515702962875,4.561491725035012,4.555516719818115,3.9014388131210582,5.199012654880062,62,2,0.96875,2.962477865667243e-12,1.1281123604711674e-16,1,0,1,0,7.899940975112649e-12,9.806823279450185e-12
23,persian,2.0,11,64,-15.589996606111526,-10.650384652428329,-14.699344620108604,4.9396119536831975,0.8906519860029221,4.048959967680275,3.9376864433288574,3.5234012115746736,4.594474269705825,64,0,1.0,1.7627490366353699e-12,5.421010862427522e-20,1,0,1,0,7.023900551075691e-12,9.062180438860303e-12
24,pomeranian,2.0,3,64,-14.498680341988802,-12.004096642136574,-15.70212184637785,2.494583699852228,-1.2034415043890476,3.698025204241276,3.5638163089752197,3.0253379309549926,4.378310175240039,60,4,0.9375,2.6824239104074994e-11,3.681522317902641e-14,0,0,0,0,5.364847820814998e-11,5.852561259070908e-11
25,pug,2.0,2,64,-14.901348941028118,-12.636571280658245,-14.825368419289589,2.264777660369873,0.0759805217385292,2.188797138631344,2.0084753036499023,1.7484798466786742,2.635269081220031,57,7,0.890625,6.520533017155918e-11,3.819070672770111e-11,0,0,0,0,1.203790710859554e-10,1.3608068905368871e-10
26,ragdoll,2.0,1,64,-15.591252848505974,-14.733696542680264,-15.466905444860458,0.8575563058257103,0.12434740364551544,0.7332089021801949,0.7623376846313477,0.5145283112302422,0.9597122812643646,50,14,0.78125,9.128905062771118e-08,3.5347437712728393e-06,0,0,0,0,1.564955153617906e-07,1.593408883683686e-07
27,russian_blue,2.0,1,64,-14.459588289260864,-13.870018430054188,-14.564681090414524,0.5895698592066765,-0.10509280115365982,0.6946626603603363,0.903984546661377,0.3812522852793336,0.9990745486691593,44,20,0.6875,5.395853177215402e-05,0.0018449821382700243,0,0,0,0,6.16668934538903e-05,6.556986139400995e-05
28,saint_bernard,2.0,0,0,,,,,,,,,,0,0,,,,0,0,0,0,,
29,samoyed,2.0,8,64,-15.322057332843542,-13.867495860904455,-13.62956852093339,1.454561471939087,1.6924888119101524,-0.23792733997106552,0.16866350173950195,-0.9410047954879701,0.4705599219538269,34,30,0.53125,0.6434935725391023,0.35399037706738207,0,0,0,0,0.6434935725391023,0.6484680375568906
30,scottish_terrier,2.0,0,0,,,,,,,,,,0,0,,,,0,0,0,0,,
31,shiba_inu,2.0,4,64,-14.320168424397707,-12.341488825157285,-13.590376190841198,1.9786795992404222,0.729792233556509,1.2488873656839132,1.1539421081542969,0.8525052784942091,1.6558033481705934,49,15,0.765625,1.7356378210804772e-07,1.2182286081466635e-05,3,1,3,1,2.4503122179959677e-07,2.777020513728763e-07
32,siamese,2.0,0,0,,,,,,,,,,0,0,,,,0,0,0,0,,
33,sphynx,2.0,20,64,-15.286526873707771,-11.103349469136447,-14.424956399947405,4.183177404571325,0.8615704737603664,3.321606930810958,3.0575834065675735,2.9488627560902385,3.721680719149299,63,1,0.984375,1.9380081828285503e-12,3.5236570605778894e-18,1,0,1,0,7.023900551075691e-12,9.062180438860303e-12
34,staffordshire_bull_terrier,2.0,1,64,-13.578031197190285,-12.51433116197586,-13.756921973079443,1.0637000352144241,-0.17889077588915825,1.2425908111035824,1.247443675994873,0.8704078631475568,1.6104315823875366,51,13,0.796875,1.2609593414913232e-07,9.404810782147007e-07,0,0,0,0,1.8914390122369846e-07,2.0871051169511554e-07
35,wheaten_terrier,2.0,21,64,-15.397147566080093,-9.444936763495207,-14.137030735611916,5.9522108025848866,1.2601168304681778,4.692093972116709,4.892168998718262,4.266314502386376,5.120872058859095,64,0,1.0,1.7627490366353699e-12,5.421010862427522e-20,0,0,0,0,7.023900551075691e-12,9.062180438860303e-12
36,yorkshire_terrier,2.0,20,64,-14.415497951209545,-6.844869174063206,-13.763685956597328,7.570628777146339,0.651811994612217,6.9188167825341225,6.530900657176971,6.182087857462466,7.6738549888134,64,0,1.0,1.7627490366353699e-12,5.421010862427522e-20,5,0,5,0,7.023900551075691e-12,9.062180438860303e-12
