image_index,image_seed,true_label,true_label_name,target_class,target_class_name,insertion_scale,original_pred,original_pred_name,target_neuron_ids,control_neuron_ids,removed_source_neuron_ids,target_inserted_values,control_inserted_values,removed_source_values,targeted_pred,targeted_pred_name,control_pred,control_pred_name,original_target_margin,targeted_target_margin,control_target_margin,targeted_target_margin_increase,control_target_margin_increase,target_margin_increase_difference,original_target_logit,targeted_target_logit,control_target_logit,target_logit_increase_difference,target_flip,control_flip,target_crossed_zero,control_crossed_zero,selection_priority
2614,2656,30,scottish_terrier,36,yorkshire_terrier,2.0,30,scottish_terrier,"[46602, 25022, 45935]","[43575, 75509, 81345]","[46525, 59904, 80875]","[19.276351928710938, 17.780864715576172, 17.564239501953125]","[20.57680892944336, 17.986858367919922, 17.464811325073242]","[1.1737624406814575, 1.2072367668151855, 1.2178782224655151]",36,yorkshire_terrier,30,scottish_terrier,-7.944919586181641,2.5743346214294434,-9.452496528625488,10.519254207611084,-1.5075769424438477,12.026831150054932,1.9924973249435425,9.151531219482422,0.4813624918460846,8.670168727636337,True,False,True,False,0
165,207,7,bombay,22,newfoundland,2.0,7,bombay,"[17353, 75237, 76520]","[24655, 12628, 59902]","[61263, 69645, 17510]","[16.216344833374023, 14.444404602050781, 15.817178726196289]","[16.540790557861328, 14.421908378601074, 15.747325897216797]","[0.5872531533241272, 0.5926333665847778, 0.6569067239761353]",22,newfoundland,7,bombay,-9.233242988586426,1.3881714344024658,-8.82924747467041,10.621414422988892,0.4039955139160156,10.217418909072876,-0.7774752378463745,4.948204517364502,-1.9590119123458862,6.907216429710388,True,False,True,False,0
2518,2560,27,russian_blue,36,yorkshire_terrier,2.0,27,russian_blue,"[46602, 25022, 45935]","[43575, 75509, 81345]","[27938, 24402, 25495]","[19.276351928710938, 17.780864715576172, 17.564239501953125]","[20.57680892944336, 17.986858367919922, 17.464811325073242]","[3.735286235809326, 3.8994195461273193, 3.928844928741455]",36,yorkshire_terrier,27,russian_blue,-8.868816375732422,1.0113433599472046,-8.73429012298584,9.880159735679626,0.13452625274658203,9.745633482933044,-3.4690258502960205,2.1716291904449463,-4.354669094085693,6.52629828453064,True,False,True,False,0
1411,1453,28,saint_bernard,18,keeshond,2.0,28,saint_bernard,"[19653, 59902, 28415]","[75237, 76520, 8541]","[39122, 3835, 279]","[14.562467575073242, 15.747325897216797, 14.96200180053711]","[14.444404602050781, 15.817178726196289, 15.04793643951416]","[2.170645236968994, 2.233159303665161, 2.319291114807129]",18,keeshond,28,saint_bernard,-5.3762593269348145,0.6991387009620667,-6.955342769622803,6.075398027896881,-1.5790834426879883,7.654481470584869,-4.174272060394287,0.09850993007421494,-4.709494590759277,4.808004520833492,True,False,True,False,0
659,701,3,basset_hound,9,british_shorthair,2.0,3,basset_hound,"[26264, 67996, 48574]","[64835, 66801, 60460]","[39715, 29066, 39650]","[11.604715347290039, 10.01668930053711, 9.883930206298828]","[11.569255828857422, 9.968666076660156, 9.812935829162598]","[0.9450451135635376, 0.964378297328949, 0.9983294606208801]",9,british_shorthair,3,basset_hound,-5.575682163238525,0.37647107243537903,-5.73568058013916,5.952153235673904,-0.15999841690063477,6.112151652574539,-2.739703893661499,0.8244213461875916,-2.8748514652252197,3.6992728114128113,True,False,True,False,0
659,701,3,basset_hound,1,american_bulldog,2.0,3,basset_hound,"[8541, 33547, 57659]","[28415, 67517, 16916]","[29066, 39650, 56390]","[15.04793643951416, 13.482999801635742, 13.955741882324219]","[14.96200180053711, 13.5840482711792, 13.827690124511719]","[0.964378297328949, 0.9983294606208801, 1.0475653409957886]",1,american_bulldog,35,wheaten_terrier,-4.587412357330322,0.21757662296295166,-3.975066661834717,4.804988980293274,0.6123456954956055,4.1926432847976685,-1.7514342069625854,1.7422878742218018,-1.989026427268982,3.7313143014907837,True,False,True,False,0
1411,1453,28,saint_bernard,15,great_pyrenees,2.0,28,saint_bernard,"[36186, 81177, 56474]","[32492, 1087, 50021]","[39122, 3835, 279]","[12.511630058288574, 11.8798246383667, 11.769454002380371]","[12.683552742004395, 11.927556991577148, 11.953944206237793]","[2.170645236968994, 2.233159303665161, 2.319291114807129]",15,great_pyrenees,28,saint_bernard,-3.3035945892333984,1.1093776226043701,-2.4510111808776855,4.4129722118377686,0.8525834083557129,3.5603888034820557,-2.101607322692871,2.029088258743286,-1.9487351179122925,3.9778233766555786,True,False,True,False,0
1411,1453,28,saint_bernard,19,leonberger,2.0,28,saint_bernard,"[33798, 42810, 12589]","[70221, 32573, 44566]","[39122, 3835, 279]","[14.00661563873291, 15.238510131835938, 12.304598808288574]","[13.997530937194824, 15.056885719299316, 12.291046142578125]","[2.170645236968994, 2.233159303665161, 2.319291114807129]",19,leonberger,17,japanese_chin,-3.327914237976074,0.472705602645874,-2.848289966583252,3.8006198406219482,0.47962427139282227,3.320995569229126,-2.125927209854126,1.7232681512832642,-1.4403215646743774,3.1635897159576416,True,False,True,False,0
2278,2320,2,american_pit_bull_terrier,14,german_shorthaired,2.0,2,american_pit_bull_terrier,"[64835, 52792]","[26264, 2236]","[54597, 80076]","[11.569255828857422, 8.28688907623291]","[11.604715347290039, 8.449164390563965]","[1.1048645973205566, 1.1407192945480347]",14,german_shorthaired,2,american_pit_bull_terrier,-3.328198194503784,0.07720685005187988,-3.0548593997955322,3.405405044555664,0.27333879470825195,3.132066249847412,0.7656475901603699,4.049084663391113,0.5986348986625671,3.450449764728546,True,False,True,False,0
659,701,3,basset_hound,35,wheaten_terrier,2.0,3,basset_hound,"[67517, 2573, 64910]","[63600, 40748, 32062]","[39715, 29066, 39650]","[13.5840482711792, 13.05068588256836, 11.368967056274414]","[13.629751205444336, 12.874395370483398, 11.344616889953613]","[0.9450451135635376, 0.964378297328949, 0.9983294606208801]",35,wheaten_terrier,3,basset_hound,-4.303300380706787,1.5516996383666992,-0.7764617800712585,5.855000019073486,3.5268386006355286,2.3281614184379578,-1.4673222303390503,2.3715078830718994,-0.029305633157491684,2.400813516229391,True,False,True,False,0
